~id,~from,~to,~label,weight:Double
828adffa-baba-423a-9a3e-896bc0c2f16f--ec126a75-0b3b-4ffc-8c61-dbbbc0a7193d,828adffa-baba-423a-9a3e-896bc0c2f16f,ec126a75-0b3b-4ffc-8c61-dbbbc0a7193d,similarity,0.9945233154296875
828adffa-baba-423a-9a3e-896bc0c2f16f--bb185279-1926-4b98-aad5-70ba51505f27,828adffa-baba-423a-9a3e-896bc0c2f16f,bb185279-1926-4b98-aad5-70ba51505f27,similarity,0.985496826171875
828adffa-baba-423a-9a3e-896bc0c2f16f--7d1380f3-135e-4051-aaaf-07e2376f44eb,828adffa-baba-423a-9a3e-896bc0c2f16f,7d1380f3-135e-4051-aaaf-07e2376f44eb,similarity,0.9596046447753906
828adffa-baba-423a-9a3e-896bc0c2f16f--a4a19165-524a-4e7f-9414-96f1d5013b98,828adffa-baba-423a-9a3e-896bc0c2f16f,a4a19165-524a-4e7f-9414-96f1d5013b98,similarity,0.94700439453125
828adffa-baba-423a-9a3e-896bc0c2f16f--16e5c998-bc02-4f38-84ee-3ab223f2cee5,828adffa-baba-423a-9a3e-896bc0c2f16f,16e5c998-bc02-4f38-84ee-3ab223f2cee5,similarity,0.9223800659179687
e4c6b396-2435-4299-9e7a-c865c05ecf89--3390ef14-c046-42e4-a601-7fcdad3d3a3c,e4c6b396-2435-4299-9e7a-c865c05ecf89,3390ef14-c046-42e4-a601-7fcdad3d3a3c,similarity,0.6197298812866211
e4c6b396-2435-4299-9e7a-c865c05ecf89--4bdbf763-b58d-4fed-9c43-3a8653565dea,e4c6b396-2435-4299-9e7a-c865c05ecf89,4bdbf763-b58d-4fed-9c43-3a8653565dea,similarity,0.6125164031982422