~id,~from,~to,~label,weight:Double
dfdc542a-2ac6-42ec-bc1e-aaef7d3eef69--bb185279-1926-4b98-aad5-70ba51505f27,dfdc542a-2ac6-42ec-bc1e-aaef7d3eef69,bb185279-1926-4b98-aad5-70ba51505f27,similarity,0.9983905029296875
dfdc542a-2ac6-42ec-bc1e-aaef7d3eef69--66edbe8c-dce6-46f2-b516-8a43601a46ab,dfdc542a-2ac6-42ec-bc1e-aaef7d3eef69,66edbe8c-dce6-46f2-b516-8a43601a46ab,similarity,0.9983385467529297
dfdc542a-2ac6-42ec-bc1e-aaef7d3eef69--7d1380f3-135e-4051-aaaf-07e2376f44eb,dfdc542a-2ac6-42ec-bc1e-aaef7d3eef69,7d1380f3-135e-4051-aaaf-07e2376f44eb,similarity,0.9966567993164063
dfdc542a-2ac6-42ec-bc1e-aaef7d3eef69--1ed5053f-7f08-4fa8-b899-94fe186d1a22,dfdc542a-2ac6-42ec-bc1e-aaef7d3eef69,1ed5053f-7f08-4fa8-b899-94fe186d1a22,similarity,0.9933522796630859
dfdc542a-2ac6-42ec-bc1e-aaef7d3eef69--ec126a75-0b3b-4ffc-8c61-dbbbc0a7193d,dfdc542a-2ac6-42ec-bc1e-aaef7d3eef69,ec126a75-0b3b-4ffc-8c61-dbbbc0a7193d,similarity,0.9865560913085938
dfdc542a-2ac6-42ec-bc1e-aaef7d3eef69--16e5c998-bc02-4f38-84ee-3ab223f2cee5,dfdc542a-2ac6-42ec-bc1e-aaef7d3eef69,16e5c998-bc02-4f38-84ee-3ab223f2cee5,similarity,0.9806870269775391
dfdc542a-2ac6-42ec-bc1e-aaef7d3eef69--828adffa-baba-423a-9a3e-896bc0c2f16f,dfdc542a-2ac6-42ec-bc1e-aaef7d3eef69,828adffa-baba-423a-9a3e-896bc0c2f16f,similarity,0.9708115386962891
dfdc542a-2ac6-42ec-bc1e-aaef7d3eef69--a4a19165-524a-4e7f-9414-96f1d5013b98,dfdc542a-2ac6-42ec-bc1e-aaef7d3eef69,a4a19165-524a-4e7f-9414-96f1d5013b98,similarity,0.9487881469726562