~id,~from,~to,~label,weight:Double
eba3510f-92bb-48b5-88c9-127f707df308--a905077d-d237-4917-95b3-a61f8d2b04e3,eba3510f-92bb-48b5-88c9-127f707df308,a905077d-d237-4917-95b3-a61f8d2b04e3,similarity,0.9825079345703125
eba3510f-92bb-48b5-88c9-127f707df308--538e6106-231f-42c6-a36d-8563932c3cf9,eba3510f-92bb-48b5-88c9-127f707df308,538e6106-231f-42c6-a36d-8563932c3cf9,similarity,0.9791383361816406
eba3510f-92bb-48b5-88c9-127f707df308--e97cacfb-ea38-4843-bc3e-d2732be92af4,eba3510f-92bb-48b5-88c9-127f707df308,e97cacfb-ea38-4843-bc3e-d2732be92af4,similarity,0.9318570709228515
eba3510f-92bb-48b5-88c9-127f707df308--4bdbf763-b58d-4fed-9c43-3a8653565dea,eba3510f-92bb-48b5-88c9-127f707df308,4bdbf763-b58d-4fed-9c43-3a8653565dea,similarity,0.8680754089355469
7d1380f3-135e-4051-aaaf-07e2376f44eb--bb185279-1926-4b98-aad5-70ba51505f27,7d1380f3-135e-4051-aaaf-07e2376f44eb,bb185279-1926-4b98-aad5-70ba51505f27,similarity,0.9946546173095703
7d1380f3-135e-4051-aaaf-07e2376f44eb--16e5c998-bc02-4f38-84ee-3ab223f2cee5,7d1380f3-135e-4051-aaaf-07e2376f44eb,16e5c998-bc02-4f38-84ee-3ab223f2cee5,similarity,0.979286880493164
7d1380f3-135e-4051-aaaf-07e2376f44eb--ec126a75-0b3b-4ffc-8c61-dbbbc0a7193d,7d1380f3-135e-4051-aaaf-07e2376f44eb,ec126a75-0b3b-4ffc-8c61-dbbbc0a7193d,similarity,0.9753257751464843
7d1380f3-135e-4051-aaaf-07e2376f44eb--a4a19165-524a-4e7f-9414-96f1d5013b98,7d1380f3-135e-4051-aaaf-07e2376f44eb,a4a19165-524a-4e7f-9414-96f1d5013b98,similarity,0.8705596923828125