~id,~from,~to,~label,weight:Double
66edbe8c-dce6-46f2-b516-8a43601a46ab--bb185279-1926-4b98-aad5-70ba51505f27,66edbe8c-dce6-46f2-b516-8a43601a46ab,bb185279-1926-4b98-aad5-70ba51505f27,similarity,0.9978115081787109
66edbe8c-dce6-46f2-b516-8a43601a46ab--ec126a75-0b3b-4ffc-8c61-dbbbc0a7193d,66edbe8c-dce6-46f2-b516-8a43601a46ab,ec126a75-0b3b-4ffc-8c61-dbbbc0a7193d,similarity,0.9969064331054688
66edbe8c-dce6-46f2-b516-8a43601a46ab--7d1380f3-135e-4051-aaaf-07e2376f44eb,66edbe8c-dce6-46f2-b516-8a43601a46ab,7d1380f3-135e-4051-aaaf-07e2376f44eb,similarity,0.9915857696533203
66edbe8c-dce6-46f2-b516-8a43601a46ab--828adffa-baba-423a-9a3e-896bc0c2f16f,66edbe8c-dce6-46f2-b516-8a43601a46ab,828adffa-baba-423a-9a3e-896bc0c2f16f,similarity,0.9910538482666016
66edbe8c-dce6-46f2-b516-8a43601a46ab--1ed5053f-7f08-4fa8-b899-94fe186d1a22,66edbe8c-dce6-46f2-b516-8a43601a46ab,1ed5053f-7f08-4fa8-b899-94fe186d1a22,similarity,0.9905194091796875
66edbe8c-dce6-46f2-b516-8a43601a46ab--16e5c998-bc02-4f38-84ee-3ab223f2cee5,66edbe8c-dce6-46f2-b516-8a43601a46ab,16e5c998-bc02-4f38-84ee-3ab223f2cee5,similarity,0.973000259399414
66edbe8c-dce6-46f2-b516-8a43601a46ab--a4a19165-524a-4e7f-9414-96f1d5013b98,66edbe8c-dce6-46f2-b516-8a43601a46ab,a4a19165-524a-4e7f-9414-96f1d5013b98,similarity,0.9459046936035156