~id,~from,~to,~label,weight:Double
01f90cde-e753-4ee7-8742-9efabd790b9f--5a9d1067-c943-43e8-acae-e96e551f29a0,01f90cde-e753-4ee7-8742-9efabd790b9f,5a9d1067-c943-43e8-acae-e96e551f29a0,similarity,0.9957320404052734
01f90cde-e753-4ee7-8742-9efabd790b9f--80a84b2e-e7e5-4aa5-aef2-1d14b9e71780,01f90cde-e753-4ee7-8742-9efabd790b9f,80a84b2e-e7e5-4aa5-aef2-1d14b9e71780,similarity,0.9950994110107422
01f90cde-e753-4ee7-8742-9efabd790b9f--4bf54aca-3020-4b0d-86bc-bc40d9f9fb59,01f90cde-e753-4ee7-8742-9efabd790b9f,4bf54aca-3020-4b0d-86bc-bc40d9f9fb59,similarity,0.9946893310546875
01f90cde-e753-4ee7-8742-9efabd790b9f--5580ba69-555a-4a8a-80ca-a7a6c828fb94,01f90cde-e753-4ee7-8742-9efabd790b9f,5580ba69-555a-4a8a-80ca-a7a6c828fb94,similarity,0.9946131896972656
01f90cde-e753-4ee7-8742-9efabd790b9f--9f5f3364-6ae3-47ec-8272-1e18f64a4d78,01f90cde-e753-4ee7-8742-9efabd790b9f,9f5f3364-6ae3-47ec-8272-1e18f64a4d78,similarity,0.9934159851074219
01f90cde-e753-4ee7-8742-9efabd790b9f--bc1d9dd7-0b81-4aa3-9c70-caa14205c181,01f90cde-e753-4ee7-8742-9efabd790b9f,bc1d9dd7-0b81-4aa3-9c70-caa14205c181,similarity,0.9830924987792968
01f90cde-e753-4ee7-8742-9efabd790b9f--e114155b-cc78-4ab9-a261-7562efc86a37,01f90cde-e753-4ee7-8742-9efabd790b9f,e114155b-cc78-4ab9-a261-7562efc86a37,similarity,0.9731462860107422
01f90cde-e753-4ee7-8742-9efabd790b9f--e6293b3a-c3c7-43e2-a743-e599b5c26bb9,01f90cde-e753-4ee7-8742-9efabd790b9f,e6293b3a-c3c7-43e2-a743-e599b5c26bb9,similarity,0.9725358581542969
01f90cde-e753-4ee7-8742-9efabd790b9f--1509f453-6444-4b14-a689-404a967196f3,01f90cde-e753-4ee7-8742-9efabd790b9f,1509f453-6444-4b14-a689-404a967196f3,similarity,0.9682091522216797