~id,~from,~to,~label,weight:Double
6abf4e5f-3a41-4103-ad7f-c84a97754070--a905077d-d237-4917-95b3-a61f8d2b04e3,6abf4e5f-3a41-4103-ad7f-c84a97754070,a905077d-d237-4917-95b3-a61f8d2b04e3,similarity,0.9836135864257812
6abf4e5f-3a41-4103-ad7f-c84a97754070--538e6106-231f-42c6-a36d-8563932c3cf9,6abf4e5f-3a41-4103-ad7f-c84a97754070,538e6106-231f-42c6-a36d-8563932c3cf9,similarity,0.9689533996582032
6abf4e5f-3a41-4103-ad7f-c84a97754070--eba3510f-92bb-48b5-88c9-127f707df308,6abf4e5f-3a41-4103-ad7f-c84a97754070,eba3510f-92bb-48b5-88c9-127f707df308,similarity,0.9677219390869141
6abf4e5f-3a41-4103-ad7f-c84a97754070--e97cacfb-ea38-4843-bc3e-d2732be92af4,6abf4e5f-3a41-4103-ad7f-c84a97754070,e97cacfb-ea38-4843-bc3e-d2732be92af4,similarity,0.9445720672607422
6abf4e5f-3a41-4103-ad7f-c84a97754070--4bdbf763-b58d-4fed-9c43-3a8653565dea,6abf4e5f-3a41-4103-ad7f-c84a97754070,4bdbf763-b58d-4fed-9c43-3a8653565dea,similarity,0.9346260070800781
6abf4e5f-3a41-4103-ad7f-c84a97754070--183a6d4f-793c-426b-be3c-b38842527295,6abf4e5f-3a41-4103-ad7f-c84a97754070,183a6d4f-793c-426b-be3c-b38842527295,similarity,0.8979518127441406