~id,~from,~to,~label,weight:Double
4bdbf763-b58d-4fed-9c43-3a8653565dea--e97cacfb-ea38-4843-bc3e-d2732be92af4,4bdbf763-b58d-4fed-9c43-3a8653565dea,e97cacfb-ea38-4843-bc3e-d2732be92af4,similarity,0.9667990112304687
4bdbf763-b58d-4fed-9c43-3a8653565dea--538e6106-231f-42c6-a36d-8563932c3cf9,4bdbf763-b58d-4fed-9c43-3a8653565dea,538e6106-231f-42c6-a36d-8563932c3cf9,similarity,0.9580622100830078
4bdbf763-b58d-4fed-9c43-3a8653565dea--a905077d-d237-4917-95b3-a61f8d2b04e3,4bdbf763-b58d-4fed-9c43-3a8653565dea,a905077d-d237-4917-95b3-a61f8d2b04e3,similarity,0.9120304870605469