~id,~from,~to,~label,weight:Double
538e6106-231f-42c6-a36d-8563932c3cf9--a905077d-d237-4917-95b3-a61f8d2b04e3,538e6106-231f-42c6-a36d-8563932c3cf9,a905077d-d237-4917-95b3-a61f8d2b04e3,similarity,0.993930435180664
538e6106-231f-42c6-a36d-8563932c3cf9--e97cacfb-ea38-4843-bc3e-d2732be92af4,538e6106-231f-42c6-a36d-8563932c3cf9,e97cacfb-ea38-4843-bc3e-d2732be92af4,similarity,0.9499858856201172