~id,~from,~to,~label,weight:Double
f300c368-01cc-4136-99b4-326e5aeb2ef9--0006b0d4-d24f-4af3-af65-b1d467cbf79a,f300c368-01cc-4136-99b4-326e5aeb2ef9,0006b0d4-d24f-4af3-af65-b1d467cbf79a,similarity,0.9859793853759765
f300c368-01cc-4136-99b4-326e5aeb2ef9--a23d09a0-1f5b-4c98-8acf-c07e7db1377b,f300c368-01cc-4136-99b4-326e5aeb2ef9,a23d09a0-1f5b-4c98-8acf-c07e7db1377b,similarity,0.9792079162597657
f300c368-01cc-4136-99b4-326e5aeb2ef9--248e2f0d-6628-4dd0-90a8-ee1ae0882267,f300c368-01cc-4136-99b4-326e5aeb2ef9,248e2f0d-6628-4dd0-90a8-ee1ae0882267,similarity,0.9743667602539062
e114155b-cc78-4ab9-a261-7562efc86a37--e6293b3a-c3c7-43e2-a743-e599b5c26bb9,e114155b-cc78-4ab9-a261-7562efc86a37,e6293b3a-c3c7-43e2-a743-e599b5c26bb9,similarity,0.9824820709228516
e114155b-cc78-4ab9-a261-7562efc86a37--5a9d1067-c943-43e8-acae-e96e551f29a0,e114155b-cc78-4ab9-a261-7562efc86a37,5a9d1067-c943-43e8-acae-e96e551f29a0,similarity,0.9639546203613282