~id,~from,~to,~label,weight:Double
183a6d4f-793c-426b-be3c-b38842527295--eba3510f-92bb-48b5-88c9-127f707df308,183a6d4f-793c-426b-be3c-b38842527295,eba3510f-92bb-48b5-88c9-127f707df308,similarity,0.986212158203125
183a6d4f-793c-426b-be3c-b38842527295--538e6106-231f-42c6-a36d-8563932c3cf9,183a6d4f-793c-426b-be3c-b38842527295,538e6106-231f-42c6-a36d-8563932c3cf9,similarity,0.9589044189453125
183a6d4f-793c-426b-be3c-b38842527295--4bdbf763-b58d-4fed-9c43-3a8653565dea,183a6d4f-793c-426b-be3c-b38842527295,4bdbf763-b58d-4fed-9c43-3a8653565dea,similarity,0.9378228759765626
183a6d4f-793c-426b-be3c-b38842527295--a905077d-d237-4917-95b3-a61f8d2b04e3,183a6d4f-793c-426b-be3c-b38842527295,a905077d-d237-4917-95b3-a61f8d2b04e3,similarity,0.912293930053711
183a6d4f-793c-426b-be3c-b38842527295--e97cacfb-ea38-4843-bc3e-d2732be92af4,183a6d4f-793c-426b-be3c-b38842527295,e97cacfb-ea38-4843-bc3e-d2732be92af4,similarity,0.81382568359375