~id,~from,~to,~label,weight:Double
c71a830b-b7b5-4087-9ed7-f4bdc4b6c503--eba3510f-92bb-48b5-88c9-127f707df308,c71a830b-b7b5-4087-9ed7-f4bdc4b6c503,eba3510f-92bb-48b5-88c9-127f707df308,similarity,0.9920025634765625
c71a830b-b7b5-4087-9ed7-f4bdc4b6c503--538e6106-231f-42c6-a36d-8563932c3cf9,c71a830b-b7b5-4087-9ed7-f4bdc4b6c503,538e6106-231f-42c6-a36d-8563932c3cf9,similarity,0.991340560913086
c71a830b-b7b5-4087-9ed7-f4bdc4b6c503--6abf4e5f-3a41-4103-ad7f-c84a97754070,c71a830b-b7b5-4087-9ed7-f4bdc4b6c503,6abf4e5f-3a41-4103-ad7f-c84a97754070,similarity,0.9908810424804687
c71a830b-b7b5-4087-9ed7-f4bdc4b6c503--1f10275d-4f09-4e6d-9e70-7548c3d576fb,c71a830b-b7b5-4087-9ed7-f4bdc4b6c503,1f10275d-4f09-4e6d-9e70-7548c3d576fb,similarity,0.9860594940185546
c71a830b-b7b5-4087-9ed7-f4bdc4b6c503--a905077d-d237-4917-95b3-a61f8d2b04e3,c71a830b-b7b5-4087-9ed7-f4bdc4b6c503,a905077d-d237-4917-95b3-a61f8d2b04e3,similarity,0.9829505920410156
c71a830b-b7b5-4087-9ed7-f4bdc4b6c503--dc38bd00-0717-4046-8f0c-fe3bf969126d,c71a830b-b7b5-4087-9ed7-f4bdc4b6c503,dc38bd00-0717-4046-8f0c-fe3bf969126d,similarity,0.9806114959716797
c71a830b-b7b5-4087-9ed7-f4bdc4b6c503--183a6d4f-793c-426b-be3c-b38842527295,c71a830b-b7b5-4087-9ed7-f4bdc4b6c503,183a6d4f-793c-426b-be3c-b38842527295,similarity,0.9633454895019531
c71a830b-b7b5-4087-9ed7-f4bdc4b6c503--e97cacfb-ea38-4843-bc3e-d2732be92af4,c71a830b-b7b5-4087-9ed7-f4bdc4b6c503,e97cacfb-ea38-4843-bc3e-d2732be92af4,similarity,0.9233715057373046
c71a830b-b7b5-4087-9ed7-f4bdc4b6c503--4bdbf763-b58d-4fed-9c43-3a8653565dea,c71a830b-b7b5-4087-9ed7-f4bdc4b6c503,4bdbf763-b58d-4fed-9c43-3a8653565dea,similarity,0.9220562744140625