~id,~from,~to,~label,weight:Double
a905077d-d237-4917-95b3-a61f8d2b04e3--e97cacfb-ea38-4843-bc3e-d2732be92af4,a905077d-d237-4917-95b3-a61f8d2b04e3,e97cacfb-ea38-4843-bc3e-d2732be92af4,similarity,0.9213175201416015
ec126a75-0b3b-4ffc-8c61-dbbbc0a7193d--bb185279-1926-4b98-aad5-70ba51505f27,ec126a75-0b3b-4ffc-8c61-dbbbc0a7193d,bb185279-1926-4b98-aad5-70ba51505f27,similarity,0.9975434875488282
ec126a75-0b3b-4ffc-8c61-dbbbc0a7193d--16e5c998-bc02-4f38-84ee-3ab223f2cee5,ec126a75-0b3b-4ffc-8c61-dbbbc0a7193d,16e5c998-bc02-4f38-84ee-3ab223f2cee5,similarity,0.9762397003173828
ec126a75-0b3b-4ffc-8c61-dbbbc0a7193d--a4a19165-524a-4e7f-9414-96f1d5013b98,ec126a75-0b3b-4ffc-8c61-dbbbc0a7193d,a4a19165-524a-4e7f-9414-96f1d5013b98,similarity,0.9314555358886719