~id,~from,~to,~label,weight:Double
a67ebf56-782a-437c-868a-b76de9033540--66edbe8c-dce6-46f2-b516-8a43601a46ab,a67ebf56-782a-437c-868a-b76de9033540,66edbe8c-dce6-46f2-b516-8a43601a46ab,similarity,0.998834228515625
a67ebf56-782a-437c-868a-b76de9033540--dfdc542a-2ac6-42ec-bc1e-aaef7d3eef69,a67ebf56-782a-437c-868a-b76de9033540,dfdc542a-2ac6-42ec-bc1e-aaef7d3eef69,similarity,0.9987431335449218
a67ebf56-782a-437c-868a-b76de9033540--bb185279-1926-4b98-aad5-70ba51505f27,a67ebf56-782a-437c-868a-b76de9033540,bb185279-1926-4b98-aad5-70ba51505f27,similarity,0.9985787200927735
a67ebf56-782a-437c-868a-b76de9033540--7d1380f3-135e-4051-aaaf-07e2376f44eb,a67ebf56-782a-437c-868a-b76de9033540,7d1380f3-135e-4051-aaaf-07e2376f44eb,similarity,0.9980300140380859
a67ebf56-782a-437c-868a-b76de9033540--1ed5053f-7f08-4fa8-b899-94fe186d1a22,a67ebf56-782a-437c-868a-b76de9033540,1ed5053f-7f08-4fa8-b899-94fe186d1a22,similarity,0.9966009521484375
a67ebf56-782a-437c-868a-b76de9033540--ec126a75-0b3b-4ffc-8c61-dbbbc0a7193d,a67ebf56-782a-437c-868a-b76de9033540,ec126a75-0b3b-4ffc-8c61-dbbbc0a7193d,similarity,0.9945001220703125
a67ebf56-782a-437c-868a-b76de9033540--828adffa-baba-423a-9a3e-896bc0c2f16f,a67ebf56-782a-437c-868a-b76de9033540,828adffa-baba-423a-9a3e-896bc0c2f16f,similarity,0.9894953918457031
a67ebf56-782a-437c-868a-b76de9033540--16e5c998-bc02-4f38-84ee-3ab223f2cee5,a67ebf56-782a-437c-868a-b76de9033540,16e5c998-bc02-4f38-84ee-3ab223f2cee5,similarity,0.9785694122314453
a67ebf56-782a-437c-868a-b76de9033540--a4a19165-524a-4e7f-9414-96f1d5013b98,a67ebf56-782a-437c-868a-b76de9033540,a4a19165-524a-4e7f-9414-96f1d5013b98,similarity,0.9330048370361328