~id,~from,~to,~label,weight:Double
0006b0d4-d24f-4af3-af65-b1d467cbf79a--248e2f0d-6628-4dd0-90a8-ee1ae0882267,0006b0d4-d24f-4af3-af65-b1d467cbf79a,248e2f0d-6628-4dd0-90a8-ee1ae0882267,similarity,0.9945365905761718
0006b0d4-d24f-4af3-af65-b1d467cbf79a--a23d09a0-1f5b-4c98-8acf-c07e7db1377b,0006b0d4-d24f-4af3-af65-b1d467cbf79a,a23d09a0-1f5b-4c98-8acf-c07e7db1377b,similarity,0.9857413482666015