~id,~from,~to,~label,weight:Double
e8766090-82e4-4f55-ae9d-3556836f26e4--a23d09a0-1f5b-4c98-8acf-c07e7db1377b,e8766090-82e4-4f55-ae9d-3556836f26e4,a23d09a0-1f5b-4c98-8acf-c07e7db1377b,similarity,0.8897914886474609
e8766090-82e4-4f55-ae9d-3556836f26e4--f300c368-01cc-4136-99b4-326e5aeb2ef9,e8766090-82e4-4f55-ae9d-3556836f26e4,f300c368-01cc-4136-99b4-326e5aeb2ef9,similarity,0.8879538726806641
e8766090-82e4-4f55-ae9d-3556836f26e4--0006b0d4-d24f-4af3-af65-b1d467cbf79a,e8766090-82e4-4f55-ae9d-3556836f26e4,0006b0d4-d24f-4af3-af65-b1d467cbf79a,similarity,0.8717619323730469
e8766090-82e4-4f55-ae9d-3556836f26e4--248e2f0d-6628-4dd0-90a8-ee1ae0882267,e8766090-82e4-4f55-ae9d-3556836f26e4,248e2f0d-6628-4dd0-90a8-ee1ae0882267,similarity,0.7137602233886718