~id,~from,~to,~label,weight:Double
dc38bd00-0717-4046-8f0c-fe3bf969126d--538e6106-231f-42c6-a36d-8563932c3cf9,dc38bd00-0717-4046-8f0c-fe3bf969126d,538e6106-231f-42c6-a36d-8563932c3cf9,similarity,0.9924560546875
dc38bd00-0717-4046-8f0c-fe3bf969126d--6abf4e5f-3a41-4103-ad7f-c84a97754070,dc38bd00-0717-4046-8f0c-fe3bf969126d,6abf4e5f-3a41-4103-ad7f-c84a97754070,similarity,0.9793309783935547
dc38bd00-0717-4046-8f0c-fe3bf969126d--4bdbf763-b58d-4fed-9c43-3a8653565dea,dc38bd00-0717-4046-8f0c-fe3bf969126d,4bdbf763-b58d-4fed-9c43-3a8653565dea,similarity,0.9781119537353515
dc38bd00-0717-4046-8f0c-fe3bf969126d--e97cacfb-ea38-4843-bc3e-d2732be92af4,dc38bd00-0717-4046-8f0c-fe3bf969126d,e97cacfb-ea38-4843-bc3e-d2732be92af4,similarity,0.9769517517089844
dc38bd00-0717-4046-8f0c-fe3bf969126d--183a6d4f-793c-426b-be3c-b38842527295,dc38bd00-0717-4046-8f0c-fe3bf969126d,183a6d4f-793c-426b-be3c-b38842527295,similarity,0.9714352416992188
dc38bd00-0717-4046-8f0c-fe3bf969126d--a905077d-d237-4917-95b3-a61f8d2b04e3,dc38bd00-0717-4046-8f0c-fe3bf969126d,a905077d-d237-4917-95b3-a61f8d2b04e3,similarity,0.9497798919677735
dc38bd00-0717-4046-8f0c-fe3bf969126d--eba3510f-92bb-48b5-88c9-127f707df308,dc38bd00-0717-4046-8f0c-fe3bf969126d,eba3510f-92bb-48b5-88c9-127f707df308,similarity,0.948437728881836