~id,~from,~to,~label,weight:Double
16e5c998-bc02-4f38-84ee-3ab223f2cee5--bb185279-1926-4b98-aad5-70ba51505f27,16e5c998-bc02-4f38-84ee-3ab223f2cee5,bb185279-1926-4b98-aad5-70ba51505f27,similarity,0.9784288024902343
16e5c998-bc02-4f38-84ee-3ab223f2cee5--a4a19165-524a-4e7f-9414-96f1d5013b98,16e5c998-bc02-4f38-84ee-3ab223f2cee5,a4a19165-524a-4e7f-9414-96f1d5013b98,similarity,0.8119873046875